iteration,beta,J,mean_rho
0.000000000000000000e+00,1.000000000000000000e+00,4.166666677480540315e+00,6.673049867687038672e-01
1.000000000000000000e+00,1.000000000000000000e+00,4.166666677671721608e+00,6.362957725132108999e-01
2.000000000000000000e+00,1.000000000000000000e+00,4.166666677808207098e+00,6.518375885616619625e-01
3.000000000000000000e+00,1.000000000000000000e+00,4.166666678019386616e+00,6.766415180684256514e-01
4.000000000000000000e+00,1.000000000000000000e+00,4.166666677939411478e+00,6.919534365389099495e-01
5.000000000000000000e+00,1.000000000000000000e+00,4.166666677736449387e+00,6.903910914696843593e-01
6.000000000000000000e+00,1.000000000000000000e+00,4.166666677533068075e+00,6.868945369829292380e-01
7.000000000000000000e+00,1.000000000000000000e+00,4.166666677217284231e+00,6.835373380113971553e-01
8.000000000000000000e+00,1.000000000000000000e+00,4.166666676832227800e+00,6.805864065808975294e-01
9.000000000000000000e+00,1.000000000000000000e+00,4.166666676438040895e+00,6.776684522655924692e-01
1.000000000000000000e+01,1.000000000000000000e+00,4.166666675853221591e+00,6.726959900001933113e-01
1.100000000000000000e+01,1.000000000000000000e+00,4.166666675317665103e+00,6.677639833393660407e-01
1.200000000000000000e+01,1.000000000000000000e+00,4.166666674801887460e+00,6.625627945878508340e-01
1.300000000000000000e+01,1.000000000000000000e+00,4.166665989536236125e+00,6.577751669506056720e-01
1.400000000000000000e+01,1.000000000000000000e+00,4.166657338519215159e+00,6.545711022690539060e-01
1.500000000000000000e+01,1.000000000000000000e+00,4.166648775859010279e+00,6.525017455993370463e-01
1.600000000000000000e+01,1.000000000000000000e+00,4.166638949087174026e+00,6.505778769692280861e-01
1.700000000000000000e+01,1.000000000000000000e+00,4.166630833403413448e+00,6.489295461903866746e-01
1.800000000000000000e+01,1.000000000000000000e+00,4.166626830531593662e+00,6.478562861698236031e-01
1.900000000000000000e+01,1.000000000000000000e+00,4.166622786083224561e+00,6.468006557661659661e-01
2.000000000000000000e+01,1.000000000000000000e+00,4.166616450469045496e+00,6.455051579350803426e-01
2.100000000000000000e+01,1.000000000000000000e+00,4.166610826213925201e+00,6.445634751874746993e-01
2.200000000000000000e+01,1.000000000000000000e+00,4.166606073308686931e+00,6.438023806458078591e-01
2.300000000000000000e+01,1.000000000000000000e+00,4.166604009563354083e+00,6.430360635077186915e-01
2.400000000000000000e+01,1.000000000000000000e+00,4.166602184466121628e+00,6.425882594010891014e-01
2.500000000000000000e+01,1.000000000000000000e+00,4.166600400339601329e+00,6.415669415199871661e-01
2.600000000000000000e+01,1.000000000000000000e+00,4.166599908519972750e+00,6.405252538143887397e-01
2.700000000000000000e+01,1.000000000000000000e+00,4.166601179504327845e+00,6.393458987681148731e-01
2.800000000000000000e+01,1.000000000000000000e+00,4.166603134337161229e+00,6.381770881297880171e-01
2.900000000000000000e+01,1.000000000000000000e+00,4.166605062046607522e+00,6.371842049010999487e-01
3.000000000000000000e+01,1.000000000000000000e+00,4.166608988687769966e+00,6.359711194702631909e-01
3.100000000000000000e+01,1.000000000000000000e+00,4.166612207790406863e+00,6.349034508682166456e-01
3.200000000000000000e+01,1.000000000000000000e+00,4.166614980281465819e+00,6.337306365394146379e-01
3.300000000000000000e+01,1.000000000000000000e+00,4.166617468722607853e+00,6.324894328622980844e-01
3.400000000000000000e+01,1.000000000000000000e+00,4.166619548232965542e+00,6.313295838016491635e-01
3.500000000000000000e+01,1.000000000000000000e+00,4.166621245765806947e+00,6.301370974950861736e-01
3.600000000000000000e+01,1.000000000000000000e+00,4.166623114825449115e+00,6.290131098691841283e-01
3.700000000000000000e+01,1.000000000000000000e+00,4.166624865983904691e+00,6.276983469738741661e-01
3.800000000000000000e+01,1.000000000000000000e+00,4.166626709059904066e+00,6.263885254753376319e-01
3.900000000000000000e+01,1.000000000000000000e+00,4.166628788214927326e+00,6.251188093925752476e-01
4.000000000000000000e+01,1.000000000000000000e+00,4.166630864251525956e+00,6.238680374635379167e-01
4.100000000000000000e+01,1.000000000000000000e+00,4.166632837354850238e+00,6.226137423621012079e-01
4.200000000000000000e+01,1.000000000000000000e+00,4.166634819816210644e+00,6.213919645274678105e-01
4.300000000000000000e+01,1.000000000000000000e+00,4.166636780256388839e+00,6.201648360092495427e-01
4.400000000000000000e+01,1.000000000000000000e+00,4.166638734581885828e+00,6.189000850668596732e-01
4.500000000000000000e+01,1.000000000000000000e+00,4.166640665024049284e+00,6.177369307876400262e-01
4.600000000000000000e+01,1.000000000000000000e+00,4.166642536016480491e+00,6.164457543781050042e-01
4.700000000000000000e+01,1.000000000000000000e+00,4.166643173548385093e+00,6.151980168181195863e-01
4.800000000000000000e+01,1.000000000000000000e+00,4.166643753007372553e+00,6.140557070814549601e-01
4.900000000000000000e+01,1.000000000000000000e+00,4.166644232975779794e+00,6.128234653225957951e-01
5.000000000000000000e+01,1.000000000000000000e+00,4.166644730618687120e+00,6.116434649202926455e-01
5.100000000000000000e+01,1.000000000000000000e+00,4.166645262396870386e+00,6.105952034086686853e-01
5.200000000000000000e+01,1.000000000000000000e+00,4.166645803880373755e+00,6.094591806946235701e-01
5.300000000000000000e+01,1.000000000000000000e+00,4.166646389120183258e+00,6.083751122440038683e-01
5.400000000000000000e+01,1.000000000000000000e+00,4.166646930830415485e+00,6.071684208917972336e-01
5.500000000000000000e+01,1.000000000000000000e+00,4.166647516224413650e+00,6.059530553224601324e-01
5.600000000000000000e+01,1.000000000000000000e+00,4.166648116295633031e+00,6.049450353489926879e-01
5.700000000000000000e+01,2.000000000000000000e+00,4.166608037831650790e+00,6.040167039228577783e-01
5.800000000000000000e+01,2.000000000000000000e+00,4.166609841084861543e+00,6.031352588955519733e-01
5.900000000000000000e+01,2.000000000000000000e+00,4.166611419696895524e+00,6.022612018904228703e-01
6.000000000000000000e+01,2.000000000000000000e+00,4.166612643893998325e+00,6.012542159153295707e-01
6.100000000000000000e+01,2.000000000000000000e+00,4.166612528713438124e+00,6.003658606363962980e-01
6.200000000000000000e+01,2.000000000000000000e+00,4.166612422683414252e+00,5.993161803880927563e-01
6.300000000000000000e+01,2.000000000000000000e+00,4.166612415900520006e+00,5.983773855751630677e-01
6.400000000000000000e+01,2.000000000000000000e+00,4.166613101545128650e+00,5.974398396974095471e-01
6.500000000000000000e+01,2.000000000000000000e+00,4.166613788505162397e+00,5.965247029510838406e-01
6.600000000000000000e+01,2.000000000000000000e+00,4.166614382651664172e+00,5.956452902388447157e-01
6.700000000000000000e+01,2.000000000000000000e+00,4.166614865444381977e+00,5.948433151619715309e-01
6.800000000000000000e+01,2.000000000000000000e+00,4.166615308387823902e+00,5.939076325331893447e-01
6.900000000000000000e+01,2.000000000000000000e+00,4.166615840580246477e+00,5.931090539663435024e-01
7.000000000000000000e+01,2.000000000000000000e+00,4.166616284851974328e+00,5.922572590341533827e-01
7.100000000000000000e+01,2.000000000000000000e+00,4.166616774952873747e+00,5.913701313554652339e-01
7.200000000000000000e+01,2.000000000000000000e+00,4.166617302737866346e+00,5.905270524688223110e-01
7.300000000000000000e+01,2.000000000000000000e+00,4.166617817140752855e+00,5.897200650269475153e-01
7.400000000000000000e+01,2.000000000000000000e+00,4.166618323607454322e+00,5.888171445700173257e-01
7.500000000000000000e+01,2.000000000000000000e+00,4.166618901627110461e+00,5.880243290983997451e-01
7.600000000000000000e+01,2.000000000000000000e+00,4.166619424528396287e+00,5.872371084498179128e-01
7.700000000000000000e+01,2.000000000000000000e+00,4.166619957758391557e+00,5.864578234114048438e-01
7.800000000000000000e+01,2.000000000000000000e+00,4.166620500369051072e+00,5.856930228163594876e-01
7.900000000000000000e+01,2.000000000000000000e+00,4.166621052790833168e+00,5.849514178709526169e-01
8.000000000000000000e+01,2.000000000000000000e+00,4.166621611673892112e+00,5.841398014602248168e-01
8.100000000000000000e+01,2.000000000000000000e+00,4.166622237800713613e+00,5.834759757910189526e-01
8.200000000000000000e+01,2.000000000000000000e+00,4.166622804914654310e+00,5.827890105841906365e-01
8.300000000000000000e+01,2.000000000000000000e+00,4.166623421088460510e+00,5.822003193556073430e-01
8.400000000000000000e+01,2.000000000000000000e+00,4.166624023115799602e+00,5.815799599589939195e-01
8.500000000000000000e+01,2.000000000000000000e+00,4.166624660919101331e+00,5.809235017929285094e-01
8.600000000000000000e+01,2.000000000000000000e+00,4.166625325941206270e+00,5.803210081866931880e-01
8.700000000000000000e+01,2.000000000000000000e+00,4.166625959904846965e+00,5.797178510749656510e-01
8.800000000000000000e+01,2.000000000000000000e+00,4.166626596985641307e+00,5.791324130295358863e-01
8.900000000000000000e+01,2.000000000000000000e+00,4.166627224655067074e+00,5.785434705978936831e-01
9.000000000000000000e+01,2.000000000000000000e+00,4.166627856279030873e+00,5.779262038729995332e-01
9.100000000000000000e+01,2.000000000000000000e+00,4.166628507853010532e+00,5.773343921727189798e-01
9.200000000000000000e+01,2.000000000000000000e+00,4.166629141044199791e+00,5.767158323284962140e-01
9.300000000000000000e+01,2.000000000000000000e+00,4.166629787524552597e+00,5.761537046798241857e-01
9.400000000000000000e+01,2.000000000000000000e+00,4.166630392436872832e+00,5.755312435713496599e-01
9.500000000000000000e+01,2.000000000000000000e+00,4.166631032126116629e+00,5.749651524481249609e-01
9.600000000000000000e+01,2.000000000000000000e+00,4.166631632570807042e+00,5.743772227657106821e-01
9.700000000000000000e+01,2.000000000000000000e+00,4.166632245796430212e+00,5.737282737816227218e-01
9.800000000000000000e+01,2.000000000000000000e+00,4.166632880280753959e+00,5.730250394015561355e-01
9.900000000000000000e+01,2.000000000000000000e+00,4.166633491786475574e+00,5.722023216120052380e-01
1.000000000000000000e+02,2.000000000000000000e+00,4.166634027379817695e+00,5.713128120914832131e-01
1.010000000000000000e+02,2.000000000000000000e+00,4.166634580906068308e+00,5.704227899448880423e-01
1.020000000000000000e+02,2.000000000000000000e+00,4.166635128839766722e+00,5.694341191762319898e-01
1.030000000000000000e+02,2.000000000000000000e+00,4.166635727295779468e+00,5.684919344017101972e-01
1.040000000000000000e+02,2.000000000000000000e+00,4.166636296162700148e+00,5.675995423200589363e-01
1.050000000000000000e+02,2.000000000000000000e+00,4.166636834630831565e+00,5.666010113145548699e-01
1.060000000000000000e+02,2.000000000000000000e+00,4.166637430903894490e+00,5.655722608955889852e-01
1.070000000000000000e+02,2.000000000000000000e+00,4.166638041425432704e+00,5.646132513126012054e-01
1.080000000000000000e+02,2.000000000000000000e+00,4.166638605104958870e+00,5.636068930500364171e-01
1.090000000000000000e+02,2.000000000000000000e+00,4.166639199531085858e+00,5.626114888913241741e-01
1.100000000000000000e+02,2.000000000000000000e+00,4.166639785394823825e+00,5.616313794460592312e-01
1.110000000000000000e+02,2.000000000000000000e+00,4.166640359467237431e+00,5.606443922745205644e-01
1.120000000000000000e+02,2.000000000000000000e+00,4.166640933966168525e+00,5.596594048060893334e-01
1.130000000000000000e+02,2.000000000000000000e+00,4.166641502480821657e+00,5.586873282546770403e-01
1.140000000000000000e+02,4.000000000000000000e+00,4.166559239669579640e+00,5.579417661885488489e-01
1.150000000000000000e+02,4.000000000000000000e+00,4.166563087284475664e+00,5.571341787624236597e-01
1.160000000000000000e+02,4.000000000000000000e+00,4.166568240473379703e+00,5.563988306646526771e-01
1.170000000000000000e+02,4.000000000000000000e+00,4.166572763408717961e+00,5.551997833249193715e-01
1.180000000000000000e+02,4.000000000000000000e+00,4.166577962933750712e+00,5.539589907412637571e-01
1.190000000000000000e+02,4.000000000000000000e+00,4.166582501822162499e+00,5.526660923674182602e-01
1.200000000000000000e+02,4.000000000000000000e+00,4.166587809228967210e+00,5.511846746916794215e-01
1.210000000000000000e+02,4.000000000000000000e+00,4.166593399667450015e+00,5.498170730986305932e-01
1.220000000000000000e+02,4.000000000000000000e+00,4.166598858763878255e+00,5.485356957713634074e-01
1.230000000000000000e+02,4.000000000000000000e+00,4.166603979494365007e+00,5.472542511444332680e-01
1.240000000000000000e+02,4.000000000000000000e+00,4.166609814062487871e+00,5.458556196642474490e-01
1.250000000000000000e+02,4.000000000000000000e+00,4.166616180993153229e+00,5.444823356988724994e-01
1.260000000000000000e+02,4.000000000000000000e+00,4.166623647946840592e+00,5.431953078738043228e-01
1.270000000000000000e+02,4.000000000000000000e+00,4.166628941770221140e+00,5.418895866777041492e-01
1.280000000000000000e+02,4.000000000000000000e+00,4.166633178330964249e+00,5.405702337374458377e-01
1.290000000000000000e+02,4.000000000000000000e+00,4.166634956428507230e+00,5.392383504518754034e-01
1.300000000000000000e+02,4.000000000000000000e+00,4.166636710146254252e+00,5.380209474886629151e-01
1.310000000000000000e+02,4.000000000000000000e+00,4.166638553355022090e+00,5.369222720587244480e-01
1.320000000000000000e+02,4.000000000000000000e+00,4.166640427654970225e+00,5.357979052563368594e-01
1.330000000000000000e+02,4.000000000000000000e+00,4.166642174848665725e+00,5.345936517961797918e-01
1.340000000000000000e+02,4.000000000000000000e+00,4.166641353619003674e+00,5.331913975319694243e-01
1.350000000000000000e+02,4.000000000000000000e+00,4.166635321528476155e+00,5.318502202913767407e-01
1.360000000000000000e+02,4.000000000000000000e+00,4.166636858692226220e+00,5.305183505565946867e-01
1.370000000000000000e+02,4.000000000000000000e+00,4.166638678888345382e+00,5.291895703895107550e-01
1.380000000000000000e+02,4.000000000000000000e+00,4.166638080258869614e+00,5.278671000425936288e-01
1.390000000000000000e+02,4.000000000000000000e+00,4.166636705126506968e+00,5.267477620677083472e-01
1.400000000000000000e+02,4.000000000000000000e+00,4.166634869797946727e+00,5.259538401528159879e-01
1.410000000000000000e+02,4.000000000000000000e+00,4.166633204218700648e+00,5.250093346649086223e-01
1.420000000000000000e+02,4.000000000000000000e+00,4.166632068698804758e+00,5.240702176141784907e-01
1.430000000000000000e+02,4.000000000000000000e+00,4.166631397145910576e+00,5.231671267313046103e-01
1.440000000000000000e+02,4.000000000000000000e+00,4.166630759669917694e+00,5.220987677455628528e-01
1.450000000000000000e+02,4.000000000000000000e+00,4.166629121505105893e+00,5.214398063026416397e-01
1.460000000000000000e+02,4.000000000000000000e+00,4.166629606260916496e+00,5.204072795105214588e-01
1.470000000000000000e+02,4.000000000000000000e+00,4.166628037917670113e+00,5.193858577412109323e-01
1.480000000000000000e+02,4.000000000000000000e+00,4.166626544448809533e+00,5.187686795234598414e-01
1.490000000000000000e+02,4.000000000000000000e+00,4.166626809636923667e+00,5.177591700441402933e-01
1.500000000000000000e+02,4.000000000000000000e+00,4.166625631839936617e+00,5.169523940335211121e-01
1.510000000000000000e+02,4.000000000000000000e+00,4.166624958783585519e+00,5.159524275912905633e-01
1.520000000000000000e+02,4.000000000000000000e+00,4.166623371582926616e+00,5.153171936173818191e-01
1.530000000000000000e+02,4.000000000000000000e+00,4.166623534879152935e+00,5.143215291005215350e-01
1.540000000000000000e+02,4.000000000000000000e+00,4.166622350021305543e+00,5.133266839581367424e-01
1.550000000000000000e+02,4.000000000000000000e+00,4.166621410628050803e+00,5.127290015030735448e-01
1.560000000000000000e+02,4.000000000000000000e+00,4.166622282337668182e+00,5.117351232100797453e-01
1.570000000000000000e+02,4.000000000000000000e+00,4.166621367838684975e+00,5.107425437879552499e-01
1.580000000000000000e+02,4.000000000000000000e+00,4.166620145832879984e+00,5.099494979832498442e-01
1.590000000000000000e+02,4.000000000000000000e+00,4.166619029318880507e+00,5.089575940497990114e-01
1.600000000000000000e+02,4.000000000000000000e+00,4.166617518018662203e+00,5.083622284153447302e-01
1.610000000000000000e+02,4.000000000000000000e+00,4.166616839857020693e+00,5.070795368518676849e-01
1.620000000000000000e+02,4.000000000000000000e+00,4.166616893044616354e+00,5.060881331261091187e-01
1.630000000000000000e+02,4.000000000000000000e+00,4.166615765770681712e+00,5.053980269119179303e-01
1.640000000000000000e+02,4.000000000000000000e+00,4.166614825891092444e+00,5.040498941662584498e-01
1.650000000000000000e+02,4.000000000000000000e+00,4.166615264170458133e+00,5.027109242070341155e-01
1.660000000000000000e+02,4.000000000000000000e+00,4.166615689254941302e+00,5.017189371402988041e-01
1.670000000000000000e+02,4.000000000000000000e+00,4.166616822916649809e+00,5.004027492801549348e-01
1.680000000000000000e+02,4.000000000000000000e+00,4.166617166741903411e+00,4.994106714942064817e-01
1.690000000000000000e+02,4.000000000000000000e+00,4.166618488256280450e+00,4.980498301370501202e-01
1.700000000000000000e+02,4.000000000000000000e+00,4.166619139377174541e+00,4.968878555064905056e-01
1.710000000000000000e+02,8.000000000000000000e+00,4.165935306307658514e+00,4.965727047736415156e-01
1.720000000000000000e+02,8.000000000000000000e+00,4.166048336259904339e+00,4.965006703638784602e-01
1.730000000000000000e+02,8.000000000000000000e+00,4.166156644377942975e+00,4.961560024243773515e-01
1.740000000000000000e+02,8.000000000000000000e+00,4.166229959127881521e+00,4.958229050064479337e-01
1.750000000000000000e+02,8.000000000000000000e+00,4.166305129738403501e+00,4.952655227289264328e-01
1.760000000000000000e+02,8.000000000000000000e+00,4.166398486609220519e+00,4.947779783181436852e-01
1.770000000000000000e+02,8.000000000000000000e+00,4.166531613000985956e+00,4.944151294445116585e-01
1.780000000000000000e+02,8.000000000000000000e+00,4.166572082839880231e+00,4.942810492770287056e-01
1.790000000000000000e+02,8.000000000000000000e+00,4.166584624787959434e+00,4.941368421803618016e-01
1.800000000000000000e+02,8.000000000000000000e+00,4.166596390020928631e+00,4.938061772016810735e-01
1.810000000000000000e+02,8.000000000000000000e+00,4.166607962390816766e+00,4.934753333776202844e-01
1.820000000000000000e+02,8.000000000000000000e+00,4.166620889555963103e+00,4.930978886448131870e-01
1.830000000000000000e+02,8.000000000000000000e+00,4.166635248955986803e+00,4.927673695650925390e-01
1.840000000000000000e+02,8.000000000000000000e+00,4.166642621694236048e+00,4.922384863569090885e-01
1.850000000000000000e+02,8.000000000000000000e+00,4.166641220020055769e+00,4.909272375789424658e-01
1.860000000000000000e+02,8.000000000000000000e+00,4.166640796416652748e+00,4.896282607958964972e-01
1.870000000000000000e+02,8.000000000000000000e+00,4.166639995889829251e+00,4.883601190234273526e-01
1.880000000000000000e+02,8.000000000000000000e+00,4.166639082830900342e+00,4.871424443140693894e-01
1.890000000000000000e+02,8.000000000000000000e+00,4.166638154306173902e+00,4.860187954324640680e-01
1.900000000000000000e+02,8.000000000000000000e+00,4.166637112353036798e+00,4.849211267038092688e-01
1.910000000000000000e+02,8.000000000000000000e+00,4.166636236074563016e+00,4.836311820422897756e-01
1.920000000000000000e+02,8.000000000000000000e+00,4.166636463225734666e+00,4.823029647813134591e-01
1.930000000000000000e+02,8.000000000000000000e+00,4.166638404267101414e+00,4.816879967197196799e-01
1.940000000000000000e+02,8.000000000000000000e+00,4.166589921934671814e+00,4.796336907989353082e-01
1.950000000000000000e+02,8.000000000000000000e+00,4.166624539971349073e+00,4.776071358181039894e-01
1.960000000000000000e+02,8.000000000000000000e+00,4.166627660193565674e+00,4.763080885020897215e-01
1.970000000000000000e+02,8.000000000000000000e+00,4.166626042880973380e+00,4.750257381180444938e-01
1.980000000000000000e+02,8.000000000000000000e+00,4.166626534498854006e+00,4.735986841155431226e-01
1.990000000000000000e+02,8.000000000000000000e+00,4.166629429323689848e+00,4.723653214491522756e-01
2.000000000000000000e+02,8.000000000000000000e+00,4.166633343216367358e+00,4.711755631922883714e-01
2.010000000000000000e+02,8.000000000000000000e+00,4.166637436804954575e+00,4.710644293774040592e-01
2.020000000000000000e+02,8.000000000000000000e+00,4.166637629698724865e+00,4.709820512894635769e-01
2.030000000000000000e+02,8.000000000000000000e+00,4.166637765319236131e+00,4.709014270308299333e-01
2.040000000000000000e+02,8.000000000000000000e+00,4.166637772854876687e+00,4.709474252082777590e-01
2.050000000000000000e+02,8.000000000000000000e+00,4.166637525043030976e+00,4.709158236847406087e-01
2.060000000000000000e+02,8.000000000000000000e+00,4.166637011122755752e+00,4.709023830425305701e-01
2.070000000000000000e+02,8.000000000000000000e+00,4.166636857224347068e+00,4.708654027684796017e-01
2.080000000000000000e+02,8.000000000000000000e+00,4.166636818315200053e+00,4.707848012547739547e-01
2.090000000000000000e+02,8.000000000000000000e+00,4.166636902697954170e+00,4.706193403105795592e-01
2.100000000000000000e+02,8.000000000000000000e+00,4.166637192138919588e+00,4.703060020394601026e-01
2.110000000000000000e+02,8.000000000000000000e+00,4.166637790606081637e+00,4.699155118179264012e-01
2.120000000000000000e+02,8.000000000000000000e+00,4.166638629811043160e+00,4.696537887745383943e-01
2.130000000000000000e+02,8.000000000000000000e+00,4.166639511775909632e+00,4.694457776922606462e-01
2.140000000000000000e+02,8.000000000000000000e+00,4.166640506210580241e+00,4.696013303008565454e-01
2.150000000000000000e+02,8.000000000000000000e+00,4.166640805549424620e+00,4.697100179096695971e-01
2.160000000000000000e+02,8.000000000000000000e+00,4.166640953365381428e+00,4.697101517693815231e-01
2.170000000000000000e+02,8.000000000000000000e+00,4.166641139396057625e+00,4.697102966077961739e-01
2.180000000000000000e+02,8.000000000000000000e+00,4.166641450673524538e+00,4.697105270380132480e-01
2.190000000000000000e+02,8.000000000000000000e+00,4.166641860443268897e+00,4.697103742667214088e-01
2.200000000000000000e+02,8.000000000000000000e+00,4.166642343890512912e+00,4.697104362273969991e-01
2.210000000000000000e+02,8.000000000000000000e+00,4.166642875116204792e+00,4.697104207010080468e-01
2.220000000000000000e+02,8.000000000000000000e+00,4.166643431336495951e+00,4.697104174697688261e-01
2.230000000000000000e+02,8.000000000000000000e+00,4.166635676087096840e+00,4.697103152200364229e-01
2.240000000000000000e+02,8.000000000000000000e+00,4.166607814232625273e+00,4.697102836666992021e-01
2.250000000000000000e+02,8.000000000000000000e+00,4.166577972400498986e+00,4.697102795545431420e-01
2.260000000000000000e+02,8.000000000000000000e+00,4.166545251986391030e+00,4.697103683051154777e-01
2.270000000000000000e+02,8.000000000000000000e+00,4.166509518909694343e+00,4.697102547010393869e-01
2.280000000000000000e+02,1.600000000000000000e+01,4.159420095017939190e+00,4.703531332168593426e-01
2.290000000000000000e+02,1.600000000000000000e+01,4.160457788147139624e+00,4.711537407986138293e-01
2.300000000000000000e+02,1.600000000000000000e+01,4.161161491952803715e+00,4.720053472783840021e-01
2.310000000000000000e+02,1.600000000000000000e+01,4.161719789734238617e+00,4.726896536729553455e-01
2.320000000000000000e+02,1.600000000000000000e+01,4.162339144137886748e+00,4.731214159974336253e-01
2.330000000000000000e+02,1.600000000000000000e+01,4.162320203235075233e+00,4.737755791644506775e-01
2.340000000000000000e+02,1.600000000000000000e+01,4.162225100127068700e+00,4.742621033055290369e-01
2.350000000000000000e+02,1.600000000000000000e+01,4.162294409299513553e+00,4.751248015549970893e-01
2.360000000000000000e+02,1.600000000000000000e+01,4.162363878625351177e+00,4.758516953466804256e-01
2.370000000000000000e+02,1.600000000000000000e+01,4.162863157090707311e+00,4.769291862593562081e-01
2.380000000000000000e+02,1.600000000000000000e+01,4.163364765711904170e+00,4.778327661052991782e-01
2.390000000000000000e+02,1.600000000000000000e+01,4.163416630539197527e+00,4.784623897427376926e-01
2.400000000000000000e+02,1.600000000000000000e+01,4.163719723083548985e+00,4.782051258281514450e-01
2.410000000000000000e+02,1.600000000000000000e+01,4.161865217610961842e+00,4.784308694238105786e-01
2.420000000000000000e+02,1.600000000000000000e+01,4.159694261421062578e+00,4.782571418253576123e-01
2.430000000000000000e+02,1.600000000000000000e+01,4.152728693701920548e+00,4.786258502397698900e-01
2.440000000000000000e+02,1.600000000000000000e+01,4.144599625988371727e+00,4.792717845407310495e-01
2.450000000000000000e+02,1.600000000000000000e+01,4.141498407713576135e+00,4.805188669854446037e-01
2.460000000000000000e+02,1.600000000000000000e+01,4.153698493637018707e+00,4.811951023342656009e-01
2.470000000000000000e+02,1.600000000000000000e+01,4.022569705050631939e+00,4.816538660349710121e-01
2.480000000000000000e+02,1.600000000000000000e+01,3.834831076710044417e+00,4.822907824640190189e-01
2.490000000000000000e+02,1.600000000000000000e+01,3.671140059092150576e+00,4.834861067855304451e-01
2.500000000000000000e+02,1.600000000000000000e+01,3.541692331385442039e+00,4.847983347555354650e-01
2.510000000000000000e+02,1.600000000000000000e+01,3.406637099979813676e+00,4.861537973000515933e-01
2.520000000000000000e+02,1.600000000000000000e+01,3.190926513647105001e+00,4.883841090952339981e-01
2.530000000000000000e+02,1.600000000000000000e+01,2.934708599610628799e+00,4.901865690288815802e-01
2.540000000000000000e+02,1.600000000000000000e+01,2.644824600531225034e+00,4.919643418926619716e-01
2.550000000000000000e+02,1.600000000000000000e+01,2.304416480599805972e+00,4.934358835304736846e-01
2.560000000000000000e+02,1.600000000000000000e+01,1.963600838472828958e+00,4.950854088724248037e-01
2.570000000000000000e+02,1.600000000000000000e+01,1.739949252915051314e+00,4.963036847108469596e-01
2.580000000000000000e+02,1.600000000000000000e+01,1.452875819722767803e+00,4.971968255640153433e-01
2.590000000000000000e+02,1.600000000000000000e+01,1.127709116151486279e+00,4.983002461813652029e-01
2.600000000000000000e+02,1.600000000000000000e+01,8.472958897990227056e-01,4.991314293999199458e-01
2.610000000000000000e+02,1.600000000000000000e+01,5.355828037077193793e-01,4.998003237776988406e-01
2.620000000000000000e+02,1.600000000000000000e+01,2.825716442628499747e-01,5.005047147655471429e-01
2.630000000000000000e+02,1.600000000000000000e+01,1.087615610235917879e-01,5.011903036183035232e-01
2.640000000000000000e+02,1.600000000000000000e+01,1.349921373027233862e-02,5.017183302501512232e-01
2.650000000000000000e+02,1.600000000000000000e+01,1.968366742411939083e-02,4.909104523811808063e-01
2.660000000000000000e+02,1.600000000000000000e+01,4.230662327847006243e-01,5.020148843074302425e-01
2.670000000000000000e+02,1.600000000000000000e+01,2.706362636917199541e-02,4.908851195309052451e-01
2.680000000000000000e+02,1.600000000000000000e+01,4.469131727707289503e-01,5.028831775889319733e-01
2.690000000000000000e+02,1.600000000000000000e+01,2.920266026876964724e-02,4.930283914360744091e-01
2.700000000000000000e+02,1.600000000000000000e+01,4.405368476944406808e-01,5.040162940458224883e-01
2.710000000000000000e+02,1.600000000000000000e+01,2.554257435090612552e-02,4.936758039765394845e-01
2.720000000000000000e+02,1.600000000000000000e+01,5.303219434810974020e-01,5.045745745877878718e-01
2.730000000000000000e+02,1.600000000000000000e+01,1.631505389897335359e-02,4.972067322557126579e-01
2.740000000000000000e+02,1.600000000000000000e+01,5.123371793831348331e-01,5.051149388138321816e-01
2.750000000000000000e+02,1.600000000000000000e+01,1.031537353207330476e-02,4.979422368422383172e-01
2.760000000000000000e+02,1.600000000000000000e+01,6.127780714929006445e-01,5.054479882402407309e-01
2.770000000000000000e+02,1.600000000000000000e+01,6.388591024089630352e-03,5.022206867833443056e-01
2.780000000000000000e+02,1.600000000000000000e+01,2.985532880992325389e-01,5.028997092550709924e-01
2.790000000000000000e+02,1.600000000000000000e+01,1.952652338185413561e-02,4.881385896960678261e-01
2.800000000000000000e+02,1.600000000000000000e+01,1.057136230772906194e+00,5.027051757833888024e-01
2.810000000000000000e+02,1.600000000000000000e+01,7.490865628512897306e-03,4.940883296510175104e-01
2.820000000000000000e+02,1.600000000000000000e+01,6.874994597388851547e-01,5.027967620359600209e-01
2.830000000000000000e+02,1.600000000000000000e+01,3.733704368157894377e-03,4.977279484463304482e-01
2.840000000000000000e+02,1.600000000000000000e+01,5.712374719140655976e-01,5.023359440009455001e-01
2.850000000000000000e+02,3.200000000000000000e+01,2.751786471808880474e+00,5.013940432363276356e-01
2.860000000000000000e+02,3.200000000000000000e+01,2.008366577191886826e+00,5.009616199429773875e-01
2.870000000000000000e+02,3.200000000000000000e+01,1.194848811764939844e+00,5.004173089192746060e-01
2.880000000000000000e+02,3.200000000000000000e+01,4.698236636611604067e-01,4.952585787605443546e-01
2.890000000000000000e+02,3.200000000000000000e+01,1.906069929540928770e-02,4.859729247704562272e-01
2.900000000000000000e+02,3.200000000000000000e+01,3.054765120067139406e-01,5.006018174071803495e-01
2.910000000000000000e+02,3.200000000000000000e+01,2.329187770050269307e-02,4.932851038278407430e-01
2.920000000000000000e+02,3.200000000000000000e+01,1.769423038810177262e-01,5.008509402789842468e-01
2.930000000000000000e+02,3.200000000000000000e+01,2.607827157787503958e-02,4.972870110909616836e-01
2.940000000000000000e+02,3.200000000000000000e+01,1.720896418479589129e-01,5.021195197162535706e-01
2.950000000000000000e+02,3.200000000000000000e+01,3.469313896775785833e-02,4.993913438424379958e-01
2.960000000000000000e+02,3.200000000000000000e+01,1.563752948626402350e-01,5.018084165189543588e-01
2.970000000000000000e+02,3.200000000000000000e+01,4.125244018282936409e-02,4.990588610366619715e-01
2.980000000000000000e+02,3.200000000000000000e+01,1.712230199994354274e-01,5.014146289411061108e-01
2.990000000000000000e+02,3.200000000000000000e+01,5.444841568532172993e-02,4.970747340525349944e-01
3.000000000000000000e+02,3.200000000000000000e+01,1.698425554644483193e-01,5.012176582874011688e-01
3.010000000000000000e+02,3.200000000000000000e+01,8.375680707588614715e-02,4.978970906400161378e-01
3.020000000000000000e+02,3.200000000000000000e+01,1.682426102912660537e-01,5.011341845711632104e-01
3.030000000000000000e+02,3.200000000000000000e+01,9.889714692539397500e-02,4.990955033384288364e-01
3.040000000000000000e+02,3.200000000000000000e+01,1.485279903130256873e-01,5.005818613312098542e-01
3.050000000000000000e+02,3.200000000000000000e+01,1.255146574537612247e-01,4.983018525447780456e-01
3.060000000000000000e+02,3.200000000000000000e+01,1.404511360549943189e-01,5.003005461443100765e-01
3.070000000000000000e+02,3.200000000000000000e+01,1.349933556849470528e-01,4.980045194332752834e-01
3.080000000000000000e+02,3.200000000000000000e+01,1.262370079893158914e-01,4.996370014183902919e-01
3.090000000000000000e+02,3.200000000000000000e+01,1.631575237224169583e-01,4.972108686396243815e-01
3.100000000000000000e+02,3.200000000000000000e+01,1.094291670594733368e-01,4.996369149890883543e-01
3.110000000000000000e+02,3.200000000000000000e+01,1.741088382240527366e-01,4.972108686396243815e-01
3.120000000000000000e+02,3.200000000000000000e+01,9.956204753756162096e-02,4.996355041152973908e-01
3.130000000000000000e+02,3.200000000000000000e+01,1.854286399059009438e-01,4.972108686396243815e-01
3.140000000000000000e+02,3.200000000000000000e+01,9.248323530717914021e-02,4.996360960442715604e-01
3.150000000000000000e+02,3.200000000000000000e+01,1.965824997199371316e-01,4.972108686396243815e-01
3.160000000000000000e+02,3.200000000000000000e+01,8.782976972963559004e-02,4.996392076621307687e-01
3.170000000000000000e+02,3.200000000000000000e+01,2.066086439381102924e-01,4.975104732434092458e-01
3.180000000000000000e+02,3.200000000000000000e+01,8.964494794016238111e-02,4.998695845118660275e-01
3.190000000000000000e+02,3.200000000000000000e+01,2.295196212381151180e-01,4.972108686396243815e-01
3.200000000000000000e+02,3.200000000000000000e+01,9.002582258399785542e-02,4.995798153023068844e-01
3.210000000000000000e+02,3.200000000000000000e+01,2.377709667982904618e-01,4.976156305443863448e-01
3.220000000000000000e+02,3.200000000000000000e+01,8.191960304156774286e-02,4.984956590408394783e-01
3.230000000000000000e+02,3.200000000000000000e+01,2.915036784419050564e-01,4.971027698040216269e-01
3.240000000000000000e+02,3.200000000000000000e+01,4.356828670726262814e-02,4.982968295659586100e-01
3.250000000000000000e+02,3.200000000000000000e+01,3.328901094876733913e-01,4.958471341177013714e-01
3.260000000000000000e+02,3.200000000000000000e+01,1.433030290122670920e-02,4.973815036434034442e-01
3.270000000000000000e+02,3.200000000000000000e+01,3.735679619102760807e-01,4.955193899529392598e-01
3.280000000000000000e+02,3.200000000000000000e+01,1.316380753399782298e-02,4.864738031714644917e-01
3.290000000000000000e+02,3.200000000000000000e+01,3.517017388389600402e-02,4.913448045429442690e-01
3.300000000000000000e+02,3.200000000000000000e+01,4.122097425896651401e-01,4.877733759715157102e-01
3.310000000000000000e+02,3.200000000000000000e+01,2.171667700156924494e-02,4.865828997810395240e-01
3.320000000000000000e+02,3.200000000000000000e+01,4.284701444481644472e-01,4.861860743842141841e-01
3.330000000000000000e+02,3.200000000000000000e+01,3.014308890393398513e-02,4.838051220032617006e-01
3.340000000000000000e+02,3.200000000000000000e+01,2.427651571486101612e-01,4.842019474000871515e-01
3.350000000000000000e+02,3.200000000000000000e+01,6.726813384431426512e-02,4.842632075518660817e-01
3.360000000000000000e+02,3.200000000000000000e+01,2.794524671905715962e-01,4.822790805677391601e-01
3.370000000000000000e+02,3.200000000000000000e+01,5.004903438404813970e-02,4.822790805677390491e-01
3.380000000000000000e+02,3.200000000000000000e+01,2.998842082261345410e-01,4.826759059645646111e-01
3.390000000000000000e+02,3.200000000000000000e+01,2.987733621045506743e-02,4.821101004296313719e-01
3.400000000000000000e+02,3.200000000000000000e+01,3.363388538046658272e-01,4.842632075518661372e-01
3.410000000000000000e+02,3.200000000000000000e+01,1.697956252388527904e-02,4.819982661446430838e-01
3.420000000000000000e+02,6.400000000000000000e+01,1.362845381603647876e+00,4.867601709065478288e-01
3.430000000000000000e+02,6.400000000000000000e+01,7.682471812668160149e-01,4.887442978906748059e-01
3.440000000000000000e+02,6.400000000000000000e+01,1.874463687514895949e-01,4.924905172319992142e-01
3.450000000000000000e+02,6.400000000000000000e+01,4.540732228510641066e-02,4.990249348997664591e-01
3.460000000000000000e+02,6.400000000000000000e+01,2.415608423978460317e-01,4.940778188193007958e-01
3.470000000000000000e+02,6.400000000000000000e+01,2.931316971083815573e-02,4.977155966219160010e-01
3.480000000000000000e+02,6.400000000000000000e+01,2.218988568379547666e-01,4.940778188193007403e-01
3.490000000000000000e+02,6.400000000000000000e+01,2.154893626495257841e-02,4.972267808979591863e-01
3.500000000000000000e+02,6.400000000000000000e+01,2.321610327496483328e-01,4.960626152247610832e-01
3.510000000000000000e+02,6.400000000000000000e+01,1.011356864112960413e-02,4.970843400687586788e-01
3.520000000000000000e+02,6.400000000000000000e+01,2.330675488636659298e-01,4.951381487525726710e-01
3.530000000000000000e+02,6.400000000000000000e+01,9.621126856311406142e-03,4.951481052721215526e-01
3.540000000000000000e+02,6.400000000000000000e+01,2.188029024691736935e-01,4.937330510186880295e-01
3.550000000000000000e+02,6.400000000000000000e+01,6.286685104806209907e-03,4.935749740456895074e-01
3.560000000000000000e+02,6.400000000000000000e+01,2.645150312878986609e-01,4.925143857006468728e-01
3.570000000000000000e+02,6.400000000000000000e+01,6.583391006602818188e-03,4.927985029293828201e-01
3.580000000000000000e+02,6.400000000000000000e+01,1.132337188077133516e-01,4.868782182957689941e-01
3.590000000000000000e+02,6.400000000000000000e+01,2.712951568876807440e-01,4.929709321887080775e-01
3.600000000000000000e+02,6.400000000000000000e+01,7.895485064662291844e-03,4.907836554374864213e-01
3.610000000000000000e+02,6.400000000000000000e+01,1.559546761980941942e-01,4.934610962586934990e-01
3.620000000000000000e+02,6.400000000000000000e+01,1.761276276103873606e-02,4.887995284533594442e-01
3.630000000000000000e+02,6.400000000000000000e+01,1.194713680488753704e-01,4.931646078184387938e-01
3.640000000000000000e+02,6.400000000000000000e+01,2.267514413737073062e-02,4.884027030565339933e-01
3.650000000000000000e+02,6.400000000000000000e+01,1.260222649554222640e-01,4.938504972659115144e-01
3.660000000000000000e+02,6.400000000000000000e+01,3.446632731383814791e-02,4.884027030565339933e-01
3.670000000000000000e+02,6.400000000000000000e+01,1.150761589026984416e-01,4.937586279728157779e-01
3.680000000000000000e+02,6.400000000000000000e+01,3.565390334506347153e-02,4.895931792470101795e-01
3.690000000000000000e+02,6.400000000000000000e+01,1.368649317219189088e-01,4.932279015280042200e-01
3.700000000000000000e+02,6.400000000000000000e+01,2.917383818335385001e-02,4.884027030565340488e-01
3.710000000000000000e+02,6.400000000000000000e+01,1.253331837661987025e-01,4.935491104391501738e-01
3.720000000000000000e+02,6.400000000000000000e+01,3.215311568146567156e-02,4.884027030565340488e-01
3.730000000000000000e+02,6.400000000000000000e+01,1.253331837661303128e-01,4.935491104391493411e-01
3.740000000000000000e+02,6.400000000000000000e+01,3.215311568146094617e-02,4.884027030565340488e-01
3.750000000000000000e+02,6.400000000000000000e+01,1.253331837661303128e-01,4.935491104391493411e-01
3.760000000000000000e+02,6.400000000000000000e+01,3.215311568146094617e-02,4.884027030565340488e-01
3.770000000000000000e+02,6.400000000000000000e+01,1.253331837661303128e-01,4.935491104391493411e-01
3.780000000000000000e+02,6.400000000000000000e+01,3.215311568146094617e-02,4.884027030565340488e-01
3.790000000000000000e+02,6.400000000000000000e+01,1.253331837661303128e-01,4.935491104391493411e-01
3.800000000000000000e+02,6.400000000000000000e+01,3.215311568146094617e-02,4.884027030565340488e-01
3.810000000000000000e+02,6.400000000000000000e+01,1.253331837661303128e-01,4.935491104391493411e-01
3.820000000000000000e+02,6.400000000000000000e+01,3.215311568146094617e-02,4.884027030565340488e-01
3.830000000000000000e+02,6.400000000000000000e+01,1.253331837661303128e-01,4.935491104391493411e-01
3.840000000000000000e+02,6.400000000000000000e+01,3.215311568146094617e-02,4.884027030565340488e-01
3.850000000000000000e+02,6.400000000000000000e+01,1.253331837661303128e-01,4.935491104391493411e-01
3.860000000000000000e+02,6.400000000000000000e+01,3.215311568146094617e-02,4.884027030565340488e-01
3.870000000000000000e+02,6.400000000000000000e+01,1.253331837661303128e-01,4.935491104391493411e-01
3.880000000000000000e+02,6.400000000000000000e+01,3.215311568146094617e-02,4.884027030565340488e-01
3.890000000000000000e+02,6.400000000000000000e+01,1.253331837661303128e-01,4.935491104391493411e-01
3.900000000000000000e+02,6.400000000000000000e+01,3.215311568146094617e-02,4.884027030565340488e-01
3.910000000000000000e+02,6.400000000000000000e+01,1.253331837661303128e-01,4.935491104391493411e-01
3.920000000000000000e+02,6.400000000000000000e+01,3.215311568146094617e-02,4.884027030565340488e-01
3.930000000000000000e+02,6.400000000000000000e+01,1.253331837661303128e-01,4.935491104391493411e-01
3.940000000000000000e+02,6.400000000000000000e+01,3.215311568146094617e-02,4.884027030565340488e-01
3.950000000000000000e+02,6.400000000000000000e+01,1.253331837661303128e-01,4.935491104391493411e-01
3.960000000000000000e+02,6.400000000000000000e+01,3.215311568146094617e-02,4.884027030565340488e-01
3.970000000000000000e+02,6.400000000000000000e+01,1.253331837661303128e-01,4.935491104391493411e-01
3.980000000000000000e+02,6.400000000000000000e+01,3.215311568146094617e-02,4.884027030565340488e-01
3.990000000000000000e+02,6.400000000000000000e+01,1.253331837661303128e-01,4.935491104391493411e-01
